Age,Gender,Education Level,Job Title,Years of Experience,Description
28,Female,Master's,Data Analyst,3,Data analyst with strong analytical skills and experience in Python and SQL
35,Male,Bachelor's,Project Manager,8,Experienced project manager with PMP certification and agile methodology expertise
42,Male,PhD,Senior Data Scientist,15,Senior data scientist with extensive machine learning and AI experience
25,Female,Bachelor's,Junior Developer,2,Entry-level developer with knowledge in JavaScript and React
50,Male,Master's,Director of Engineering,25,Engineering director with proven track record in leading large teams
30,Male,Bachelor's,Software Engineer,5,Full-stack developer proficient in Python Django and React
33,Female,Master's,Business Analyst,7,Business analyst specializing in requirements gathering and process optimization
45,Male,PhD,Research Scientist,18,Research scientist with publications in top-tier journals
27,Female,Bachelor's,Marketing Specialist,4,Digital marketing specialist with SEO and content strategy expertise
38,Male,Master's,Product Manager,10,Product manager with experience launching successful SaaS products
